<manifest alg="2" build="2018.1.0.386" opt="false" iceEnabled="true" iceMarkupVersion="2" iceEnabledOptions="link,responsive,cachebuster,textStyling" exportTarget="other" domain="http://www.yediyildizgo.com" resolutions="1x" timestamp="1645273376514">
  <folder name="css">
    <file name="site_global.css" crc="4212909370"/>
    <file name="master_master.css" crc="506032932" ref="danismanlik:index:gayrimenkul:insaat:iletisim:medya"/>
    <file name="nomq_preview_master_master.css" crc="3882346504" ref="danismanlik:index:gayrimenkul:insaat:iletisim:medya"/>
    <file name="danismanlik.css" crc="370365273" ref="danismanlik"/>
    <file name="nomq_danismanlik.css" crc="46142716" ref="danismanlik"/>
    <file name="index.css" crc="49566509" ref="index"/>
    <file name="nomq_index.css" crc="327280376" ref="index"/>
    <file name="gayrimenkul.css" crc="518921210" ref="gayrimenkul"/>
    <file name="nomq_gayrimenkul.css" crc="3860956356" ref="gayrimenkul"/>
    <file name="insaat.css" crc="4075497476" ref="insaat"/>
    <file name="nomq_insaat.css" crc="76235998" ref="insaat"/>
    <file name="iletisim.css" crc="4090613103" ref="iletisim"/>
    <file name="nomq_iletisim.css" crc="364093580" ref="iletisim"/>
    <file name="medya.css" crc="3844170066" ref="medya"/>
    <file name="nomq_medya.css" crc="418721253" ref="medya"/>
  </folder>
  <folder name="fonts">
    <file name="montserrat-bold.woff" crc="4119092551"/>
    <file name="montserrat-bold.eot" crc="186350765"/>
    <file name="montserrat-bold.svg" crc="4012141920"/>
    <file name="fontawesome.woff" crc="4044556140"/>
    <file name="fontawesome.eot" crc="160223805"/>
    <file name="fontawesome.svg" crc="3817205544"/>
    <file name="montserrat-regular.woff" crc="455171595"/>
    <file name="montserrat-regular.eot" crc="4009417673"/>
    <file name="montserrat-regular.svg" crc="139923101"/>
    <file name="montserrat-semibold.woff" crc="3886531039"/>
    <file name="montserrat-semibold.eot" crc="4076863422"/>
    <file name="montserrat-semibold.svg" crc="3863059459"/>
    <file name="robotoregular.woff" crc="3844370812"/>
    <file name="robotoregular.eot" crc="3913089244"/>
    <file name="robotoregular.svg" crc="3825315305"/>
    <file name="montserrat-lightitalic.woff" crc="28509703"/>
    <file name="montserrat-lightitalic.eot" crc="45707623"/>
    <file name="montserrat-lightitalic.svg" crc="520007969"/>
  </folder>
  <folder name="assets">
    <file name="-35-ico_menu_close.svg" crc="362653298" seo="true" mt="1524794010000"/>
    <file name="-34-ico_menu_open_white.svg" crc="463439426" seo="true" mt="1527322748000"/>
    <file name="img_1672.jpg" crc="4227442468" seo="true" mt="1629796330000"/>
    <file name="img_1676.jpg" crc="3890281976" seo="true" mt="1629365104000"/>
    <file name="img_1671.jpg" crc="225898966" seo="true" mt="1629796535000"/>
    <file name="digital-pr-management.jpg" crc="4085121728" seo="true" mt="1630062053000"/>
    <file name="webdesign.jpg" crc="3928730347" seo="true" mt="1630062116000"/>
    <file name="seo.jpg" crc="360929866" seo="true" mt="1630062236000"/>
    <file name="online.jpg" crc="84411199" seo="true" mt="1630062471000"/>
    <file name="video-production.jpg" crc="3931640632" seo="true" mt="1630062912000"/>
    <file name="content-production.jpg" crc="3805537879" seo="true" mt="1630063386000"/>
    <file name="social-media.jpg" crc="87763463" seo="true" mt="1630063565000"/>
    <file name="corporate.jpg" crc="3838840587" seo="true" mt="1630063723000"/>
  </folder>
  <folder name="scripts">
    <file name="jquery-1.8.3.min.js" crc="209076791" ref="phone>index:phone>gayrimenkul:phone>insaat:phone>medya:phone>danismanlik:phone>iletisim:index:gayrimenkul:iletisim:insaat:medya:danismanlik"/>
    <file name="museutils.js" crc="340535759" ref="phone>index:phone>gayrimenkul:phone>insaat:phone>medya:phone>danismanlik:phone>iletisim:index:gayrimenkul:iletisim:insaat:medya:danismanlik"/>
    <file name="whatinput.js" crc="86476730" ref="phone>index:phone>gayrimenkul:phone>insaat:phone>medya:phone>danismanlik:phone>iletisim:index:gayrimenkul:iletisim:insaat:medya:danismanlik"/>
    <file name="museconfig.js" crc="4286661555" ref="phone>index:phone>gayrimenkul:phone>insaat:phone>medya:phone>danismanlik:phone>iletisim:index:gayrimenkul:iletisim:insaat:medya:danismanlik"/>
    <file name="jquery.watch.js" crc="51536988" ref="phone>index:phone>gayrimenkul:phone>insaat:phone>medya:phone>danismanlik:phone>iletisim:index:gayrimenkul:iletisim:insaat:medya:danismanlik"/>
    <file name="jquery.musepolyfill.bgsize.js" crc="4260645839" ref="phone>index:phone>gayrimenkul:index:gayrimenkul:iletisim:insaat:medya:danismanlik"/>
    <file name="require.js" crc="7928878" ref="phone>index:phone>gayrimenkul:phone>insaat:phone>medya:phone>danismanlik:phone>iletisim:index:gayrimenkul:iletisim:insaat:medya:danismanlik"/>
    <file name="jquery.musemenu.js" crc="510910590" ref="index:gayrimenkul:iletisim:insaat:medya:danismanlik"/>
    <file name="html5shiv.js" crc="4241844378" ref="index:gayrimenkul:iletisim:insaat:medya:danismanlik"/>
    <file name="jquery.museresponsive.js" crc="527716135" ref="index:gayrimenkul:iletisim:insaat:medya:danismanlik"/>
    <file name="webpro.js" crc="4059564322" ref="iletisim"/>
    <file name="form_check.php" crc="4020933626" ref="iletisim"/>
    <file name="form_throttle.php" crc="4259590256" ref="iletisim"/>
    <file name="form_process.php" crc="37464564" ref="iletisim"/>
    <file name="form-u6383.php" crc="4257921705" ref="iletisim"/>
  </folder>
  <folder name="images">
    <file name="master-favicon.ico" crc="128587251" ref="phone>index"/>
    <file name="logo-ygo-white-01.png" crc="171452527" seo="true" ref="phone>index:phone>gayrimenkul:phone>insaat:phone>medya:phone>danismanlik:phone>iletisim:index:gayrimenkul:iletisim:insaat:medya:danismanlik">
      <caption webpage="index" alt=""/>
      <caption webpage="index" alt=""/>
      <caption webpage="index" alt=""/>
      <caption webpage="index" alt=""/>
      <caption webpage="danismanlik" alt=""/>
      <caption webpage="danismanlik" alt=""/>
      <caption webpage="danismanlik" alt=""/>
      <caption webpage="danismanlik" alt=""/>
      <caption webpage="gayrimenkul" alt=""/>
      <caption webpage="gayrimenkul" alt=""/>
      <caption webpage="gayrimenkul" alt=""/>
      <caption webpage="gayrimenkul" alt=""/>
      <caption webpage="iletisim" alt=""/>
      <caption webpage="iletisim" alt=""/>
      <caption webpage="iletisim" alt=""/>
      <caption webpage="iletisim" alt=""/>
      <caption webpage="insaat" alt=""/>
      <caption webpage="insaat" alt=""/>
      <caption webpage="insaat" alt=""/>
      <caption webpage="insaat" alt=""/>
      <caption webpage="medya" alt=""/>
      <caption webpage="medya" alt=""/>
      <caption webpage="medya" alt=""/>
      <caption webpage="medya" alt=""/>
    </file>
    <file name="gayrimenkul.jpg" crc="4278534848" ref="phone>index:index">
      <caption webpage="index" alt=""/>
    </file>
    <file name="img_1679.jpg" crc="47144379" ref="phone>index:index">
      <caption webpage="index" alt=""/>
    </file>
    <file name="online.jpg" crc="84411199" ref="phone>index:index">
      <caption webpage="index" alt=""/>
    </file>
    <file name="content-production.jpg" crc="65224719" ref="phone>index:index">
      <caption webpage="index" alt=""/>
      <caption webpage="index" alt=""/>
      <caption webpage="index" alt=""/>
      <caption webpage="index" alt=""/>
    </file>
    <file name="seo.jpg" crc="4095896717" ref="phone>index:index">
      <caption webpage="index" alt=""/>
      <caption webpage="index" alt=""/>
      <caption webpage="index" alt=""/>
      <caption webpage="index" alt=""/>
    </file>
    <file name="social-media.jpg" crc="4236886323" ref="phone>index:index">
      <caption webpage="index" alt=""/>
      <caption webpage="index" alt=""/>
      <caption webpage="index" alt=""/>
      <caption webpage="index" alt=""/>
    </file>
    <file name="video-production.jpg" crc="371588833" ref="phone>index:index">
      <caption webpage="index" alt=""/>
      <caption webpage="index" alt=""/>
      <caption webpage="index" alt=""/>
      <caption webpage="index" alt=""/>
    </file>
    <file name="-3-footer_img_1.jpg" crc="3767701537" ref="phone>index:index">
      <caption webpage="index" alt=""/>
      <caption webpage="index" alt=""/>
      <caption webpage="index" alt=""/>
      <caption webpage="index" alt=""/>
    </file>
    <file name="u24822-4.png" crc="466741508" ref="phone>index:phone>gayrimenkul:phone>insaat:phone>medya:phone>danismanlik:phone>iletisim"/>
    <file name="u24823-4.png" crc="233232502" ref="phone>index:phone>gayrimenkul:phone>insaat:phone>medya:phone>danismanlik:phone>iletisim"/>
    <file name="logo-white-01-u24838.png" crc="258820348" ref="phone>index:phone>gayrimenkul:phone>insaat:phone>medya:phone>danismanlik:phone>iletisim"/>
    <file name="u24808-4.png" crc="4122640930" ref="phone>index:phone>gayrimenkul:phone>insaat:phone>medya:phone>danismanlik:phone>iletisim"/>
    <file name="u24810-4.png" crc="3791552890" ref="phone>index:phone>gayrimenkul:phone>insaat:phone>medya:phone>danismanlik:phone>iletisim"/>
    <file name="u24813-8.png" crc="3886522995" ref="phone>index:phone>gayrimenkul:phone>insaat:phone>medya:phone>danismanlik:phone>iletisim"/>
    <file name="u24809-4.png" crc="153329430" ref="phone>index:phone>gayrimenkul:phone>insaat:phone>medya:phone>danismanlik:phone>iletisim"/>
    <file name="u24816-4.png" crc="4109711896" ref="phone>index:phone>gayrimenkul:phone>insaat:phone>medya:phone>danismanlik:phone>iletisim"/>
    <file name="u24819-4.png" crc="109210931" ref="phone>index:phone>gayrimenkul:phone>insaat:phone>medya:phone>danismanlik:phone>iletisim"/>
    <file name="u24811-4.png" crc="234049777" ref="phone>index:phone>gayrimenkul:phone>insaat:phone>medya:phone>danismanlik:phone>iletisim"/>
    <file name="u24807-4.png" crc="3794123093" ref="phone>index:phone>gayrimenkul:phone>insaat:phone>medya:phone>danismanlik:phone>iletisim"/>
    <file name="img_1672.jpg" crc="4227442468" ref="phone>gayrimenkul:gayrimenkul">
      <caption webpage="gayrimenkul" alt=""/>
    </file>
    <file name="u25422-4.png" crc="13402426" ref="phone>gayrimenkul"/>
    <file name="-14-background_section_2.jpg" crc="4064381484" ref="phone>gayrimenkul:gayrimenkul:insaat:medya:danismanlik">
      <caption webpage="danismanlik" alt=""/>
      <caption webpage="danismanlik" alt=""/>
      <caption webpage="danismanlik" alt=""/>
      <caption webpage="gayrimenkul" alt=""/>
      <caption webpage="gayrimenkul" alt=""/>
      <caption webpage="gayrimenkul" alt=""/>
      <caption webpage="gayrimenkul" alt=""/>
      <caption webpage="medya" alt=""/>
      <caption webpage="medya" alt=""/>
      <caption webpage="medya" alt=""/>
      <caption webpage="insaat" alt=""/>
      <caption webpage="insaat" alt=""/>
      <caption webpage="insaat" alt=""/>
    </file>
    <file name="u25408-4.png" crc="4136102079" ref="phone>gayrimenkul"/>
    <file name="u25411-4.png" crc="3779116986" ref="phone>gayrimenkul"/>
    <file name="img_1676.jpg" crc="4132932442" ref="phone>gayrimenkul:gayrimenkul">
      <caption webpage="gayrimenkul" alt=""/>
      <caption webpage="gayrimenkul" alt=""/>
      <caption webpage="gayrimenkul" alt=""/>
      <caption webpage="gayrimenkul" alt=""/>
    </file>
    <file name="logo-ygo-blue-01.png" crc="468285772" seo="true" ref="index:gayrimenkul:iletisim:insaat:medya:danismanlik">
      <caption webpage="index" alt=""/>
      <caption webpage="index" alt=""/>
      <caption webpage="danismanlik" alt=""/>
      <caption webpage="danismanlik" alt=""/>
      <caption webpage="gayrimenkul" alt=""/>
      <caption webpage="gayrimenkul" alt=""/>
      <caption webpage="iletisim" alt=""/>
      <caption webpage="iletisim" alt=""/>
      <caption webpage="insaat" alt=""/>
      <caption webpage="insaat" alt=""/>
      <caption webpage="medya" alt=""/>
      <caption webpage="medya" alt=""/>
    </file>
    <file name="blank.gif" crc="4208392903" ref="index:gayrimenkul:iletisim:insaat:medya:danismanlik"/>
    <file name="u7857.png" crc="4139493238" ref="index:gayrimenkul:iletisim:insaat:medya:danismanlik"/>
    <file name="u7857-r.png" crc="276084841" ref="index:gayrimenkul:iletisim:insaat:medya:danismanlik"/>
    <file name="u7865.png" crc="357401077" ref="index:gayrimenkul:iletisim:insaat:medya:danismanlik"/>
    <file name="u7865-r.png" crc="3797904328" ref="index:gayrimenkul:iletisim:insaat:medya:danismanlik"/>
    <file name="u7879.png" crc="4024332029" ref="index:gayrimenkul:iletisim:insaat:medya:danismanlik"/>
    <file name="u7879-r.png" crc="4083890400" ref="index:gayrimenkul:iletisim:insaat:medya:danismanlik"/>
    <file name="u7870.png" crc="4180415015" ref="index:gayrimenkul:iletisim:insaat:medya:danismanlik"/>
    <file name="u7870-r.png" crc="4219235666" ref="index:gayrimenkul:iletisim:insaat:medya:danismanlik"/>
    <file name="u7886.png" crc="3802875691" ref="index:gayrimenkul:iletisim:insaat:medya:danismanlik"/>
    <file name="u7886-r.png" crc="4222262793" ref="index:gayrimenkul:iletisim:insaat:medya:danismanlik"/>
    <file name="u2719.png" crc="122102573" ref="index:gayrimenkul:iletisim:insaat:medya:danismanlik"/>
    <file name="u2719-r.png" crc="276084841" ref="index:gayrimenkul:iletisim:insaat:medya:danismanlik"/>
    <file name="u2719-m.png" crc="276084841" ref="index:gayrimenkul:iletisim:insaat:medya:danismanlik"/>
    <file name="u2705.png" crc="3811168255" ref="index:gayrimenkul:iletisim:insaat:medya:danismanlik"/>
    <file name="u2705-r.png" crc="3797904328" ref="index:gayrimenkul:iletisim:insaat:medya:danismanlik"/>
    <file name="u2705-m.png" crc="3797904328" ref="index:gayrimenkul:iletisim:insaat:medya:danismanlik"/>
    <file name="u2710.png" crc="3901018962" ref="index:gayrimenkul:iletisim:insaat:medya:danismanlik"/>
    <file name="u2710-r.png" crc="4083890400" ref="index:gayrimenkul:iletisim:insaat:medya:danismanlik"/>
    <file name="u2710-m.png" crc="4083890400" ref="index:gayrimenkul:iletisim:insaat:medya:danismanlik"/>
    <file name="u2692.png" crc="124589998" ref="index:gayrimenkul:iletisim:insaat:medya:danismanlik"/>
    <file name="u2692-r.png" crc="4219235666" ref="index:gayrimenkul:iletisim:insaat:medya:danismanlik"/>
    <file name="u2692-m.png" crc="4219235666" ref="index:gayrimenkul:iletisim:insaat:medya:danismanlik"/>
    <file name="u2699.png" crc="27847757" ref="index:gayrimenkul:iletisim:insaat:medya:danismanlik"/>
    <file name="u2699-r.png" crc="4222262793" ref="index:gayrimenkul:iletisim:insaat:medya:danismanlik"/>
    <file name="u2699-m.png" crc="4222262793" ref="index:gayrimenkul:iletisim:insaat:medya:danismanlik"/>
    <file name="u4410-4.png" crc="378584403" ref="index:gayrimenkul:iletisim:insaat:medya:danismanlik"/>
    <file name="u4413-4.png" crc="233232502" ref="index:gayrimenkul:iletisim:insaat:medya:danismanlik"/>
    <file name="logo-white-01-u8314.png" crc="465776960" ref="index:gayrimenkul:iletisim:insaat:medya:danismanlik"/>
    <file name="u4228-4.png" crc="4122640930" ref="index:gayrimenkul:iletisim:insaat:medya:danismanlik"/>
    <file name="u4347-4.png" crc="153329430" ref="index:gayrimenkul:iletisim:insaat:medya:danismanlik"/>
    <file name="u4263-4.png" crc="3790291335" ref="index:gayrimenkul:iletisim:insaat:medya:danismanlik"/>
    <file name="u4273-4.png" crc="4124090402" ref="index:gayrimenkul:iletisim:insaat:medya:danismanlik"/>
    <file name="u4482-4.png" crc="3791552890" ref="index:gayrimenkul:iletisim:insaat:medya:danismanlik"/>
    <file name="u4253-8.png" crc="206656973" ref="index:gayrimenkul:iletisim:insaat:medya:danismanlik"/>
    <file name="u4485-4.png" crc="3960841941" ref="index:gayrimenkul:iletisim:insaat:medya:danismanlik"/>
    <file name="u3392-4.png" crc="3794123093" ref="index:gayrimenkul:iletisim:insaat:medya:danismanlik"/>
    <file name="u4577-4.png" crc="4110573922" ref="gayrimenkul"/>
    <file name="u4630-4.png" crc="432737487" ref="gayrimenkul"/>
    <file name="u4685-6.png" crc="141457602" ref="gayrimenkul"/>
    <file name="u4577-42.png" crc="4159112088" ref="gayrimenkul"/>
    <file name="u4630-42.png" crc="489304666" ref="gayrimenkul"/>
    <file name="u4685-62.png" crc="3779116986" ref="gayrimenkul"/>
    <file name="u4577-43.png" crc="13402426" ref="gayrimenkul"/>
    <file name="u4630-43.png" crc="4136102079" ref="gayrimenkul"/>
    <file name="u4685-63.png" crc="3779116986" ref="gayrimenkul"/>
    <file name="img_1670.jpg" crc="246563714" ref="iletisim">
      <caption webpage="iletisim" alt=""/>
    </file>
    <file name="u6341-4.png" crc="400718227" ref="iletisim"/>
    <file name="img-map-yediyildiz-u6536-fr.jpg" crc="336335745" ref="iletisim"/>
    <file name="-32-ico_location.svg" crc="3910761931" seo="true" ref="iletisim">
      <caption webpage="iletisim" alt=""/>
      <caption webpage="iletisim" alt=""/>
      <caption webpage="iletisim" alt=""/>
    </file>
    <file name="-32-ico_location_poster_.png" crc="112121878" ref="iletisim"/>
    <file name="u6650-4.png" crc="4243686054" ref="iletisim"/>
    <file name="u6369-4.png" crc="4068310936" ref="iletisim"/>
    <file name="u6390.png" crc="3895604485" ref="iletisim"/>
    <file name="u6390-r.png" crc="449060041" ref="iletisim"/>
    <file name="u6341-42.png" crc="18678565" ref="iletisim"/>
    <file name="u6369-42.png" crc="4068310936" ref="iletisim"/>
    <file name="u63902.png" crc="3895604485" ref="iletisim"/>
    <file name="u6390-r2.png" crc="449060041" ref="iletisim"/>
    <file name="img-map-yediyildiz.jpg" crc="150715048" ref="iletisim">
      <caption webpage="iletisim" alt=""/>
    </file>
    <file name="u6650-42.png" crc="4243686054" ref="iletisim"/>
    <file name="u6341-43.png" crc="508681513" ref="iletisim"/>
    <file name="u6369-43.png" crc="4068310936" ref="iletisim"/>
    <file name="u63903.png" crc="3929677484" ref="iletisim"/>
    <file name="u6390-r3.png" crc="4115466403" ref="iletisim"/>
    <file name="u6650-43.png" crc="4243686054" ref="iletisim"/>
    <file name="img_1678.jpg" crc="148524330" ref="insaat">
      <caption webpage="insaat" alt=""/>
    </file>
    <file name="u22423-4.png" crc="17896316" ref="insaat"/>
    <file name="u22422-4.png" crc="3813225481" ref="insaat"/>
    <file name="u22429-4.png" crc="533435615" ref="insaat"/>
    <file name="img_1683.jpg" crc="3922163256" ref="insaat">
      <caption webpage="insaat" alt=""/>
      <caption webpage="insaat" alt=""/>
      <caption webpage="insaat" alt=""/>
    </file>
    <file name="u22423-42.png" crc="3872090721" ref="insaat"/>
    <file name="u22422-42.png" crc="4133049039" ref="insaat"/>
    <file name="u22429-42.png" crc="493168492" ref="insaat"/>
    <file name="u22423-43.png" crc="505413194" ref="insaat"/>
    <file name="u22422-43.png" crc="207481056" ref="insaat"/>
    <file name="u22429-43.png" crc="493168492" ref="insaat"/>
    <file name="img_1685.jpg" crc="250846488" ref="medya">
      <caption webpage="medya" alt=""/>
    </file>
    <file name="u22961-4.png" crc="498329497" ref="medya"/>
    <file name="u22972-4.png" crc="43664604" ref="medya"/>
    <file name="u23398-4.png" crc="3790959441" ref="medya"/>
    <file name="u23400-4.png" crc="3956771219" ref="medya"/>
    <file name="u23374-6.png" crc="4211288921" ref="medya"/>
    <file name="u23377-6.png" crc="4202022407" ref="medya"/>
    <file name="u23395-6.png" crc="399776611" ref="medya"/>
    <file name="u23380-6.png" crc="179795334" ref="medya"/>
    <file name="u23389-4.png" crc="310520386" ref="medya"/>
    <file name="u23393-6.png" crc="4081163538" ref="medya"/>
    <file name="u23384-6.png" crc="518007370" ref="medya"/>
    <file name="u23387-6.png" crc="4121022856" ref="medya"/>
    <file name="u22961-42.png" crc="97159327" ref="medya"/>
    <file name="u22972-42.png" crc="192724437" ref="medya"/>
    <file name="u23398-42.png" crc="3922838486" ref="medya"/>
    <file name="u23400-42.png" crc="4237653984" ref="medya"/>
    <file name="u23384-62.png" crc="518007370" ref="medya"/>
    <file name="u23374-62.png" crc="4211288921" ref="medya"/>
    <file name="u23380-62.png" crc="179795334" ref="medya"/>
    <file name="u23377-62.png" crc="76146933" ref="medya"/>
    <file name="u23389-42.png" crc="4113921195" ref="medya"/>
    <file name="u23395-62.png" crc="399776611" ref="medya"/>
    <file name="u23393-62.png" crc="3885189556" ref="medya"/>
    <file name="u23387-62.png" crc="3867371045" ref="medya"/>
    <file name="u22961-43.png" crc="296623449" ref="medya"/>
    <file name="u22972-43.png" crc="6168698" ref="medya"/>
    <file name="u23374-63.png" crc="4211288921" ref="medya"/>
    <file name="u23398-43.png" crc="3883568103" ref="medya"/>
    <file name="u23400-43.png" crc="4065497526" ref="medya"/>
    <file name="u23384-63.png" crc="518007370" ref="medya"/>
    <file name="u23380-63.png" crc="179795334" ref="medya"/>
    <file name="u23389-43.png" crc="4113921195" ref="medya"/>
    <file name="u23377-63.png" crc="211539602" ref="medya"/>
    <file name="u23393-63.png" crc="3885189556" ref="medya"/>
    <file name="u23395-63.png" crc="399776611" ref="medya"/>
    <file name="u23387-63.png" crc="67339478" ref="medya"/>
    <file name="img_1671.jpg" crc="225898966" ref="danismanlik">
      <caption webpage="danismanlik" alt=""/>
    </file>
    <file name="u23167-4.png" crc="4294088974" ref="danismanlik"/>
    <file name="u23164-4.png" crc="506866581" ref="danismanlik"/>
    <file name="u23159-4.png" crc="4040822644" ref="danismanlik"/>
    <file name="img_1669.jpg" crc="3997127731" ref="danismanlik">
      <caption webpage="danismanlik" alt=""/>
      <caption webpage="danismanlik" alt=""/>
      <caption webpage="danismanlik" alt=""/>
    </file>
    <file name="u23167-42.png" crc="3937901416" ref="danismanlik"/>
    <file name="u23164-42.png" crc="3861811535" ref="danismanlik"/>
    <file name="u23159-42.png" crc="3971565298" ref="danismanlik"/>
    <file name="u23167-43.png" crc="485946137" ref="danismanlik"/>
    <file name="u23164-43.png" crc="3823917587" ref="danismanlik"/>
    <file name="u23159-43.png" crc="3971565298" ref="danismanlik"/>
  </folder>
  <folder name="phone">
    <folder name="css">
      <file name="master_master.css" crc="3983844372" ref="phone>danismanlik:phone>gayrimenkul:phone>iletisim:phone>insaat:phone>medya:phone>index"/>
      <file name="nomq_preview_master_master.css" crc="3824530138" ref="phone>danismanlik:phone>gayrimenkul:phone>iletisim:phone>insaat:phone>medya:phone>index"/>
      <file name="danismanlik.css" crc="500370650" ref="phone>danismanlik"/>
      <file name="gayrimenkul.css" crc="3778342170" ref="phone>gayrimenkul"/>
      <file name="iletisim.css" crc="4250203625" ref="phone>iletisim"/>
      <file name="nomq_iletisim.css" crc="3824530138" ref="phone>iletisim"/>
      <file name="insaat.css" crc="500370650" ref="phone>insaat"/>
      <file name="medya.css" crc="500370650" ref="phone>medya"/>
      <file name="index.css" crc="478560034" ref="phone>index"/>
    </folder>
    <file name="index.html" crc="4145473281" seo="true" mt="1645273271014" redirect="true"/>
    <file name="gayrimenkul.html" crc="3933562444" seo="true" mt="1645273271015" redirect="true"/>
    <file name="insaat.html" crc="3818049494" seo="true" mt="1645273271017" redirect="true"/>
    <file name="medya.html" crc="4095707535" seo="true" mt="1645273271019" redirect="true"/>
    <file name="danismanlik.html" crc="3919385166" seo="true" mt="1645273271020" redirect="true"/>
    <file name="iletisim.html" crc="111696313" seo="true" mt="1645273271022" redirect="true"/>
  </folder>
  <file name="index.html" crc="3853954177" seo="true" mt="1645271216460" redirect="true"/>
  <file name="gayrimenkul.html" crc="4235116174" seo="true" mt="1645271472968" redirect="true"/>
  <file name="iletisim.html" crc="261424290" seo="true" mt="1645270954041" redirect="true"/>
  <file name="insaat.html" crc="125619920" seo="true" mt="1645270954041" redirect="true"/>
  <file name="medya.html" crc="508319845" seo="true" mt="1645270954041" redirect="true"/>
  <file name="danismanlik.html" crc="147148368" seo="true" mt="1645270954041" redirect="true"/>
</manifest>